"","Date","FlowRate","BCoV","N1","N2","N1Error","N2Error","PMMoV","LoessN1","LoessN2","DeTrendedN1","DeTrendedN2"
"1",2020-09-15,44.77,NA,63618,32447,5938,4069,25753383.57,29983.6704565799,8491.58997418278,33634.3295434201,23955.4100258172
"2",2020-09-19,46.7,0.27,11442,9003,1619,3347,40968307,30282.8413205003,9981.88606723678,-18840.8413205003,-978.886067236783
"3",2020-09-22,41.49,1.09,39145,8102,2835,1902,22508539,31251.0944643664,11739.6193115984,7893.90553563357,-3637.61931159838
"4",2020-09-25,41.07,0.7774,28553,1210,2132,291,26700211,32473.7916756247,13619.9179827504,-3920.79167562469,-12409.9179827504
"5",2020-09-24,41.47,0.0731,16743,4437,7255,1831,21097519,32023.8185939733,12972.7241879013,-15280.8185939733,-8535.72418790131
"6",2020-09-23,41.65,0.2744,30509,7419,278,2855,21980553,31573.8455123218,12325.5303930522,-1064.84551232182,-4906.53039305224
"7",2020-09-28,40.95,0.17219946,22794,2281,4518,1719,40392929.84,34890.5314902749,16073.2727169367,-12096.5314902749,-13792.2727169367
"8",2020-09-29,41.28,0.150777487,25014,10209,7042,3640,28568924.44,35696.1114284916,16891.0576283321,-10682.1114284916,-6682.0576283321
"9",2020-10-02,39.69,0.437,38687,30103,6160,4577,26676154,42302.7243258325,21943.8418192045,-3615.72432583247,8159.15818079549
"10",2020-10-01,40.09,0.467,17950,18718,1974,3152,9381689,40100.5200267188,20259.580422247,-22150.5200267188,-1541.58042224704
"11",2020-10-05,38.88,1.696894563,69413,28352,7326,10498,42567242.53,50090.0758521523,26867.99266162,19322.9241478477,1484.00733837997
"12",2020-10-06,39.82,5.288822801,90065,61284,12328,3345,36578536.78,52685.8596942589,28509.3762757585,37379.1403057411,32774.6237242415
"13",2020-10-07,39.13,1.11,27145,10737,7854,1630,42650258,55618.7423652949,30966.3063951075,-28473.7423652949,-20229.3063951075
"14",2020-10-08,41.51,3.53,57391,53944,1004,11837,28162417,58551.6250363308,33423.2365144564,-1160.62503633081,20520.7634855436
"15",2020-10-09,39.04,3.52,38789,25938,3903,6731,26751469,61484.5077073668,35880.1666338054,-22695.5077073668,-9942.16663380537
"16",2020-10-12,38.18,4.03,153361,28137,11515,5530,31965145.09,77986.3736326272,50057.2711918524,75374.6263673728,-21920.2711918524
"17",2020-10-13,39.79,0.58,89962,29730,12938,8660,31163985.19,83486.9956077141,54782.9727112015,6475.00439228593,-25052.9727112015
"18",2020-10-14,38.84,0.516455698,27400,12333,1942,1791,15605997.19,90808.7436029805,61106.0609770507,-63408.7436029805,-48773.0609770507
"19",2020-10-15,38.91,1.373440262,33927,26856,5221,539,18023869.13,98130.4915982469,67429.1492428999,-64203.4915982469,-40573.1492428999
"20",2020-10-16,38.77,7.457155804,60073,94415,4517,9490,14730920.42,105452.239593513,73752.2375087491,-45379.2395935133,20662.7624912509
"21",2020-10-20,38.84,0.574251968,126947,97975,13606,12353,29149730.07,142274.40004291,103533.871661492,-15327.4000429098,-5558.87166149249
"22",2020-10-19,38.02,0.166705036,99812,94188,10607,7063,27900656.57,133068.859930561,96088.4631233066,-33256.8599305607,-1900.46312330663
"23",2020-10-21,38.26,1.47,172518,110169,15699,14650,28288684,153114.327606407,111344.875507313,19403.6723935928,-1175.87550731275
"24",2020-10-22,39.42,2.69,191791,150149,27028,7569,24405992,163954.255169905,119155.879353133,27836.7448300954,30993.120646867
"25",2020-10-23,42.69,3.3,278492,281888,7464,28513,66293365,174794.182733402,126966.883198953,103697.817266598,154921.116801047
"26",2020-10-27,41.29,1.717529322,72050,100432,25562,3092,14628504.36,226851.530645085,157114.875700223,-154801.530645085,-56682.8757002227
"27",2020-10-26,41.34,2.3839583,239165,182369,19320,9702,20673476.36,213837.193667165,149577.877574905,25327.8063328354,32791.1224250947
"28",2020-10-28,41.19,1.01,193081,92533,51854,3741,18012652,235611.561574181,161955.298889088,-42530.5615741813,-69422.2988890883
"29",2020-10-29,40.62,1.59,337242,227134,-1,-1,14326703,244371.592503277,166795.722077954,92870.407496723,60338.2779220462
"30",2020-10-30,40.27,2.938496844,187631,117345,30875,12468,77791331,253131.623432373,171636.145266819,-65500.6234323728,-54291.1452668193
"31",2020-11-02,38.97,0.052,348560,281190,4107,72522,5844635,243309.732503125,163769.025465211,105250.267496875,117420.974534789
"32",2020-11-03,39.31,0.029,5472,4063,670,2084,15434659,240035.768860043,161146.652198009,-234563.768860043,-157083.652198009
"33",2020-11-04,39.2,0.138425324,374756,294812,37425,19315,7128408.209,233643.508260348,157120.582140451,141112.491739652,137691.417859549
"34",2020-11-05,38.63,0.144808878,435919,331192,40669,14502,7256777.478,227251.247660653,153094.512082893,208667.752339347,178097.487917107
"35",2020-11-09,37.98,0.14,297676,181629,17748,851,22944431,203436.156589895,139992.355832858,94239.8434101048,41636.6441671417
"36",2020-11-10,38.46,0.09,263642,184340,4426,25782,23175797,193918.308544827,132380.701306502,69723.6914551731,51959.2986934979
"37",2020-11-13,39.48,1.52,71562,64517,7452,7023,14556933,165364.764409622,109545.737727433,-93802.764409622,-45028.7377274334
"38",2020-11-12,40.55,1.2,68865,39582,5278,2719,16471088,174882.61245469,117157.39225379,-106017.61245469,-77575.3922537896
"39",2020-11-11,40.07,0.87,61122,52024,5769,10903,15617963,184400.460499759,124769.046780146,-123278.460499759,-72745.0467801458
"40",2020-11-16,39.96,0.054,9766,124402,3482,-1,6544935,173356.982778093,100097.746723414,-163590.982778093,24304.2532765861
"41",2020-11-17,39.5,0.0225,32100,16680,2731,4774,5635131,176021.055567583,96948.4163887407,-143921.055567583,-80268.4163887407
"42",2020-11-19,38.92,1.74,114587,84843,72925,8504,23253375,192238.780673228,106523.30164357,-77651.7806732281,-21680.3016435704
"43",2020-11-20,38.43,4.66,1017335,765038,5680,26427,20604597,200347.643226051,111310.744270985,816987.356773949,653727.255729015
"44",2020-11-18,38.67,1.86,196147,70703,12387,3901,23149549,184129.918120406,101735.859016156,12017.0818795944,-31032.8590161555
"45",2020-11-23,37.71,7.19,359569,177872,25407,15966,35247211,240398.955831169,140267.333180057,119170.044168831,37604.6668199433
"46",2020-11-24,37.93,6.94,326537,42791,29762,22311,48693074,253749.393366208,149919.529483081,72787.6066337918,-107128.529483081
"47",2020-11-25,39.22,8.23,532528,928293,22777,79535,35402707,268051.615141852,162889.431260281,264476.384858148,765403.568739719
"48",2020-11-26,40.44,4.45,330351,621918,12682,39097,30948327,282353.836917496,175859.333037482,47997.1630825044,446058.666962518
"49",2020-11-27,38.93,9.36,228846,379327,8820,26541,33804012,296656.058693139,188829.234814682,-67810.0586931394,190497.765185318
"50",2020-11-30,38.03,13.72,811902,949790,40021,29843,38842477,323161.40534627,243907.135076349,488740.59465373,705882.864923651
"51",2020-12-01,38.92,19.82,303832,137409,7663,31969,55187822,331996.520897314,262266.435163571,-28164.520897314,-124857.435163571
"52",2020-12-03,37.76,2.162,381997,34789,19285,2811,70713804,338800.18845398,292715.318868626,43196.8115460198,-257926.318868626
"53",2020-12-02,38.08,2.006,366513,43604,61515,15162,33362476,335398.354675647,277490.877016098,31114.6453243529,-233886.877016098
"54",2020-12-04,38.88,3.502,256493,42288,44438,15154,33986950,342202.022232313,307939.760721153,-85709.0222323133,-265651.760721153
"55",2020-12-07,37.4,3.350925512,370436,342312,38942,13013,23825767.51,325024.291888605,338894.535167432,45411.7081113946,3417.46483256773
"56",2020-12-08,37.96,1.516285291,512015,475227,26909,21170,24931830.92,319298.381774036,349212.793316192,192716.618225964,126014.206683808
"57",2020-12-09,37.98,17.98,461266,585486,46831,33939,114578711,306689.704962919,346679.35704454,154576.295037081,238806.64295546
"58",2020-12-10,37.79,28.91,322737,370516,30259,48913,64551737,294081.028151802,344145.920772888,28655.9718481977,26370.0792271115
"59",2020-12-11,37.03,24.94,689328,767813,31450,32329,72586362,281472.351340685,341612.484501237,407855.648659315,426200.515498763
"60",2020-12-14,37.38,10.91,231617,418563,19477,12560,29697793,241367.095775889,297532.72857446,-9750.09577588935,121030.27142554
"61",2020-12-15,38.13,7.97,439533,557866,25089,79500,90440119,227998.677254291,282839.476598868,211534.322745709,275026.523401132
"62",2020-12-18,37.22,16.75,132969,246986,13144,3920,21162903,178927.724654038,238759.609478014,-45958.7246540377,8226.39052198638
"63",2020-12-17,36.98,6.38,100676,125943,1935,13427,23889024,195284.708854122,253452.898518298,-94608.708854122,-127509.898518298
"64",2020-12-16,37.56,7.21,159119,239223,9964,14436,12446438,211641.693054206,268146.187558583,-52522.6930542063,-28923.1875585829
"65",2020-12-21,36.37,3.2,90457,124978,5938,7220,38254835,151490.231878848,208844.90992054,-61033.2318788482,-83866.9099205405
"66",2020-12-22,38.29,3.49,71231,119279,3180,15032,73116466,142344.400953785,198873.343401383,-71113.400953785,-79594.3434013827
"67",2020-12-23,37.44,6.78,155740,180868,7431,7836,42079955,138026.492560421,193081.96543169,17713.5074395786,-12213.9654316901
"68",2020-12-24,38.33,1.146098,128763,160594,9855,32572,32504601,133708.584167058,187290.587461997,-4945.58416705782,-26696.5874619974
"69",2020-12-25,37.13,2.186342,260494,322325,8698,9321,22664782,129390.675773694,181499.209492305,131103.324226306,140825.790507695
"70",2020-12-29,36.78,0.8812938,157093,227668,17675,6093,29107742,120976.060239876,173126.410154498,36116.9397601236,54541.5898455023
"71",2020-12-28,35.51,1.129012,146336,253152,14236,37483,59869304,123079.714123331,175219.609988949,23256.2858766691,77932.3900110505
"72",2020-12-30,36.54,0.28,31701,61791,7264,15500,10639845,121276.813109679,175355.01333652,-89575.813109679,-113564.01333652
"73",2020-12-31,36.25,2.13,202426,205016,10988,12709,37254560,121577.565979482,177583.616518542,80848.4340205185,27432.3834814577
"74",2021-01-01,36.85,0.044,16392,37823,1251,1591,8291579,121878.318849284,179812.219700565,-105486.318849284,-141989.219700565
"75",2021-01-04,36.75,0.133,67330,97336,7666,7813,13750016,131334.851274676,187666.164465402,-64004.8512746761,-90330.1644654025
"76",2021-01-05,37.12,0.539,77349,118494,2151,15436,12327751,134487.028749807,190284.146053682,-57138.0287498067,-71790.1460536818
"77",2021-01-06,36.27,3.19,75843,173286,5828,18007,34637816,141498.585901037,194769.421796879,-65655.5859010372,-21483.4217968792
"78",2021-01-07,35.99,3.12,151435,257305,26421,17993,33603761,148510.143052268,199254.697540077,2924.85694773233,58050.3024599234
"79",2021-01-08,35.42,3.05,207160,278534,22132,16030,33083316,155521.700203498,203739.973283274,51638.2997965019,74794.026716726
"80",2021-01-11,36.31,1.56,206772,250427,5001,19678,40077911,183810.893634193,222400.562441024,22961.1063658067,28026.4375589758
"81",2021-01-12,37.53,1.76,347374,415144,14361,12014,54979403,193240.624777758,228620.758826941,154133.375222242,186523.241173059
"82",2021-01-13,36.41,3.41,164089,168176,18228,29449,28815029,201932.253039175,233614.981851312,-37843.2530391747,-65438.9818513117
"83",2021-01-14,36.3,6.28,135208,231681,14987,15376,54139514,210623.881300591,238609.204875682,-75415.8813005911,-6928.20487568242
"84",2021-01-15,36.28,11.64,341217,290289,17382,33526,34680312,219315.509562007,243603.427900053,121901.490437993,46685.5720999468
"85",2021-01-18,36.66,7.530346,195324,199716,33077,19634,24412773,227251.885742266,247656.754274176,-31927.8857422664,-47940.7542741762
"86",2021-01-19,37.56,6.127267,325153,207728,46893,4515,30537673,229897.344469019,249007.863065551,95255.6555309806,-41279.8630655505
"87",2021-01-20,37.51,20.73,269079,417753,28150,26966,14417885,229109.628970651,247856.807328153,39969.3710293488,169896.192671847
"88",2021-01-21,37.39,27.31,156173,247074,36552,17621,25553068,228321.913472283,246705.751590756,-72148.913472283,368.248409243766
"89",2021-01-22,38.24,6.94,302627,281048,22090,1051,17163431,227534.197973915,245554.695853359,75092.8020260851,35493.304146641
"90",2021-01-25,37.28,11.44,135003,233165,5598,34045,31732106,224953.259135076,234023.323158313,-89950.2591350761,-858.323158312996
"91",2021-01-26,37.74,6.93,1831813,1686654,71019,109236,29748189,224092.946188797,230179.532259964,1607720.0538112,1456474.46774004
"92",2021-01-28,37.07,2.398,231625,265869,25211,31118,41230863,220818.336185773,222326.788199478,10806.6638142271,43542.2118005221
"93",2021-01-27,36.17,2.059,1357329,1323010,76136,84088,30102158,222455.641187285,226253.160229721,1134873.35881272,1096756.83977028
"94",2021-01-31,36.3,3.75643,256082,233472,16022,14014,26460001,216973.728672926,207121.602548794,39108.2713270739,26350.3974512064
"95",2021-02-01,36.28,1.862,149707,108584,22588,11836,27005372,215692.19283531,202053.207331899,-65985.1928353104,-93469.2073318988
"96",2021-02-02,37.18,2.335,145702,127801,14837,11359,27110106,218558.003659725,198382.163622708,-72856.003659725,-70581.1636227081
"97",2021-02-03,36.99,4.44,281764,201201,34849,17195,37684050,221423.81448414,194711.119913517,60340.1855158604,6489.88008648268
"98",2021-02-04,37.1,6.29,302618,259446,22289,19251,29934363,224289.625308554,191040.076204327,78328.3746914458,68405.9237956734
"99",2021-02-05,36.62,3.038,204916,173108,23717,17830,26965209,227155.436132969,187369.032495136,-22239.4361329688,-14261.0324951358
"100",2021-02-07,36.3,2.997,216896,170408,14306,14940,29961719,219572.358674557,178769.27567511,-2676.35867455695,-8361.27567510982
"101",2021-02-08,37.46,3.578,140991,106573,18249,13238,43237936,215780.819945351,174469.397265097,-74789.819945351,-67896.3972650968
"102",2021-02-09,37.19,5.44,288170,229435,30394,31067,33969071,211989.281216145,170169.518855084,76180.7187838549,59265.4811449162
"103",2021-02-10,37.22,5.881,354811,325463,28718,22644,35370490,208356.971230085,167204.103179327,146454.028769915,158258.896820673
"104",2021-02-11,36.77,8.024,388671,275233,25836,23195,33689951,204724.661244025,164238.687503571,183946.338755975,110994.312496429
"105",2021-02-12,36.84,1.44,153317,96751,8627,6929,23215518,201092.351257965,161273.271827814,-47775.3512579651,-64522.2718278139
"106",2021-02-14,36.48,1.92,104479,78782,25758,23033,23957841,192574.661929907,154723.850236212,-88095.6619299071,-75941.8502362122
"107",2021-02-15,37.32,2.89,155544,124215,11366,5737,37227898,188315.817265878,151449.139440411,-32771.8172658781,-27234.1394404113
"108",2021-02-16,37.39,1.24,135689,101776,7675,11673,28441465,184056.972601849,148174.42864461,-48367.9726018491,-46398.4286446104
"109",2021-02-17,36.72,1.663872,217893,150095,57820,34952,37353784,179799.893098731,144877.985591924,38093.1069012691,5217.01440807583
"110",2021-02-18,37.67,2.442579,152832,149465,25976,28792,32073142,175542.813595613,141581.542539238,-22710.8135956126,7883.45746076212
"111",2021-02-19,37.55,13.041,380836,289705,46053,29109,35361124,171285.734092494,138285.099486552,209550.265907506,151419.900513448
"112",2021-02-21,36.53,9.218,161831,124722,18670,13164,30419614,176769.912865401,143922.859934673,-14938.9128654006,-19200.8599346728
"113",2021-02-22,37.09,7.25,135521,103582,8385,5430,35824211,179512.002251854,146741.740158733,-43991.0022518538,-43159.7401587334
"114",2021-02-23,37.1,4.525,141070,98541,21548,16367,26238117,182254.091638307,149560.620382794,-41184.0916383069,-51019.620382794
"115",2021-02-24,37.96,6.025002,216155,188486,34916,31928,35604971,184206.094583584,151412.220315201,31948.9054164155,37073.7796847988
"116",2021-02-25,39.27,4.947525,204868,154547,15666,11599,32547713,186158.097528862,153263.820247608,18709.902471138,1283.17975239156
"117",2021-02-28,38.37,4.93,196433,165643,27816,28415,22435069,182886.016262832,149968.091700536,13546.9837371681,15674.9082994635
"118",2021-03-01,39.28,2.02,242302,235284,23627,43076,24449887,181795.322507488,148869.515518179,60506.6774925115,86414.4844818209
"119",2021-03-02,39.64,2.32,171040,123274,25181,15601,30021745,176516.738957188,144454.002050068,-5476.73895718768,-21180.0020500682
"120",2021-03-03,39.42,7.945,214068,164740,11244,12553,13804820,171238.155406887,140038.488581957,42829.8445931131,24701.5114180426
"121",2021-03-04,39.4,9.978,202996,201429,24491,11520,15745531,165959.571856586,135622.975113846,37036.4281434139,65806.0248861535
"122",2021-03-05,39.74,2.47,131079,93307,13176,13599,40424954,160680.988306285,131207.461645736,-29601.9883062853,-37900.4616457356
"123",2021-03-07,39.05,3.27,135728,117358,21904,24717,31651295,143365.537229124,115227.650948107,-7637.53722912364,2130.34905189322
"124",2021-03-08,39.33,4.59,130820,96612,14925,7095,73810981,134707.811690543,107237.745599292,-3887.81169054279,-10625.7455992924
"125",2021-03-09,40.96,5.05,96163,66009,8697,7211,24315473,126050.086151962,99247.840250478,-29887.086151962,-33238.840250478
"126",2021-03-10,41.35,6.1,158101,145274,12895,24256,19642197,119648.856247843,94158.8868934666,38452.1437521574,51115.1131065334
"127",2021-03-11,42.01,0.41,39799,17853,1253,6702,18524171,113247.626343723,89069.9335364551,-73448.6263437232,-71216.9335364551
"128",2021-03-12,41.23,1.87,80111,39204,11741,7781,20204526,106846.396439604,83980.9801794437,-26735.3964396038,-44776.9801794437
"129",2021-03-14,38.02,0.63,62837,52315,5953,10810,13047700,110280.311961004,87139.0931751774,-47443.3119610041,-34824.0931751774
"130",2021-03-15,38.05,0.99,88331,50456,867,6659,17755420,111997.269721704,88718.1496730442,-23666.2697217042,-38262.1496730442
"131",2021-03-16,37.39,1.99,71269,29917,9790,9529,12896207,113714.227482404,90297.2061709111,-42445.2274824043,-60380.2061709111
"132",2021-03-17,38.44,4.142,159090,216852,17817,8609,16580039,118620.558435377,95575.66498226,40469.441564623,121276.33501774
"133",2021-03-18,39.01,5.6,145500,165665,17104,16703,17533288,123526.88938835,100854.123793609,21973.1106116503,64810.8762063912
"134",2021-03-19,38.55,0.465,49915,39296,2057,24280,14169215,128433.220341322,106132.582604958,-78518.2203413224,-66836.5826049577
"135",2021-03-21,37.42,3.473,211332,123155,9253,17852,11677427,139908.402993416,121126.861433758,71423.5970065839,2028.1385662423
"136",2021-03-22,36.2,1.035,162650,121319,10607,26219,16649039,145645.994319463,128624.000848158,17004.005680537,-7305.00084815771
"137",2021-03-23,37.71,3.206,239319,215859,18232,29750,19572781,151383.58564551,136121.140262558,87935.4143544901,79737.8597374423
"138",2021-03-24,37.69,4.61,123745,68809,22429,18160,22281907,152732.782370904,138943.345386616,-28987.7823709036,-70134.3453866161
"139",2021-03-25,40.78,3.57,71201,104614,4442,2238,35775035,154081.979096297,141765.550510675,-82880.9790962973,-37151.5505106745
"140",2021-03-26,39.16,4.25,206789,232628,28680,20931,31633241,155431.175821691,144587.755634733,51357.824178309,88040.244365267
"141",2021-03-28,37.01,5.794,187614,180174,10354,23037,33442218,145689.780764214,139076.846027121,41924.2192357861,41097.1539728788
"142",2021-03-29,37.6,5.564,163089,182722,20041,25904,34488729,140819.083235475,136321.391223315,22269.9167645246,46400.6087766846
"143",2021-03-30,37.24,4.33,229259,217509,25108,11488,49145484,135948.385706737,133565.936419509,93310.6142932631,83943.0635804905
"144",2021-03-31,39.88,6.22,57567,61016,9370,9989,15595359,129502.206623616,128573.997693681,-71935.2066236164,-67557.9976936811
"145",2021-04-01,41.68,2.332,102250,129410,4231,17285,57995293,123056.027540496,123582.058967853,-20806.027540496,5827.94103214721
"146",2021-04-02,41.17,0.616,138033,121829,14038,11545,25760585,116609.848457376,118590.120242024,21423.1515426245,3238.87975797558
"147",2021-04-05,39.15,3.042,81144,83829,5783,7972,29940805,95905.6111940351,95977.4212360491,-14761.6111940351,-12148.4212360491
"148",2021-04-06,40.39,2.499,95585,75403,17944,15121,23214348,89004.1987729217,88439.854900724,6580.80122707832,-13036.854900724
"149",2021-04-07,38.47,0.05,38200,52890,13864,14867,42655961,83988.500221955,82486.5200181101,-45788.500221955,-29596.5200181101
"150",2021-04-08,37.75,1.131,76823,76575,12745,10913,46264034,78972.8016709883,76533.1851354962,-2149.80167098829,41.8148645038309
"151",2021-04-12,43.05,0.534,54648,54719,3065,12310,27088663,74296.0948556075,70140.312416995,-19648.0948556075,-15421.312416995
"152",2021-04-09,37.84,0.829,61317,61571,5445,1987,21176751,73957.1031200216,70579.8502528823,-12640.1031200216,-9008.85025288226
"153",2021-04-11,36.69,0.676,57078,57181,734,20435,23966932,74183.0976104122,70286.8250289574,-17105.0976104122,-13105.8250289574
"154",2021-04-13,40.2,0.831,47752,45130,4034,7879,22721472,74409.0921008028,69993.7998050325,-26657.0921008028,-24863.7998050325
"155",2021-04-14,34.08,3.165,126933,91764,8465,17507,21408332,76329.5902239326,71639.8634776794,50603.4097760674,20124.1365223206
"156",2021-04-15,39.02,3.684,571269,706418,28020,34965,23628196,78250.0883470625,73285.9271503263,493018.911652938,633132.072849674
"157",2021-04-19,36.82,4.017,100841,100072,19926,10515,24605232,100716.114604565,87811.3800259429,124.885395435296,12260.6199740571
"158",2021-04-18,36.43,6.416,86885,85221,21516,20335,27006384,93867.6052264406,83518.2502916197,-6982.60522644059,1702.74970838035
"159",2021-04-16,38.02,3.614,74538,65587,2992,10164,44700686,80170.5864701923,74931.9908229731,-5632.58647019234,-9344.99082297314
"160",2021-04-20,37.58,3.005,84762,71934,16943,10163,28225761,107564.623982689,92104.5097602662,-22802.6239826888,-20170.5097602662
"161",2021-04-21,36.73,1.38,71220,81133,14074,14120,73460254,116790.933276943,98834.5779334831,-45570.9332769426,-17701.5779334831
"162",2021-04-22,39.01,0.3206456,19767,27173,3983,8360,29760688,126017.242571196,105564.6461067,-106250.242571196,-78391.6461067001
"163",2021-04-23,38.36,21.831,165555,181268,75661,45828,22118224,135243.55186545,112294.714279917,30311.4481345498,68973.2857200829
"164",2021-04-25,35.01,12.09,282977,435562,22408,45556,15787031,149630.360088523,132751.723533547,133346.639911477,302810.276466453
"165",2021-04-26,36.04,16.079,675748,546554,137286,72044,28619982,156823.76420006,142980.228160362,518924.23579994,403573.771839638
"166",2021-04-27,36.49,12.757,371943,518266,86848,75370,37592445,164017.168311596,153208.732787177,207925.831688404,365057.267212823
"167",2021-04-28,36.01,6.45,94275,85525,4185,18444,38765405,167491.148767424,155232.003143088,-73216.148767424,-69707.0031430879
"168",2021-04-29,35.12,4.724,175204,198446,15506,18245,37941329,170965.129223252,157255.273498998,4238.87077674817,41190.7265010016
"169",2021-05-03,35.94,9.105,196394,394640,26169,71939,40691546,159582.026372138,159547.371769671,36811.9736278622,235092.628230329
"170",2021-04-30,36.16,5.958,328607,497396,44500,59224,33506123,174439.10967908,159278.543854909,154167.89032092,338117.456145091
"171",2021-05-04,39.17,8.837,147561,386470,76525,19751,22351519,154629.665269824,159636.981074591,-7068.66526982386,226833.018925409
"172",2021-05-02,35.23,4.71,876165,1134521,94015,128714,42099107,164534.387474452,159457.76246475,711630.612525548,975063.23753525
"173",2021-05-05,38.48,2.855,159827,120317,9021,16053,42196178,147727.122836406,156555.534452801,12099.8771635942,-36238.5344528012
"174",2021-05-06,37.36,1.908,79162,70267,9185,18605,30155934,140824.580402988,153474.087831011,-61662.5804029878,-83207.0878310112
"175",2021-05-10,35.16,2.554,84593,157695,18929,30485,38983491,115336.748577547,131215.049322289,-30743.7485775469,26479.9506777111
"176",2021-05-07,38.08,3.05,111268,107582,18330,3736,35259644,133922.03796957,150392.641209221,-22654.0379695698,-42810.6412092211
"177",2021-05-11,36.22,0.553,96044,152615,11795,27931,41588741,109141.652113539,124822.518693312,-13097.6521135393,27792.4813066884
"178",2021-05-09,35.54,4.711,134685,112974,32028,8311,31831223,121531.845041555,137607.579951266,13153.1549584455,-24633.5799512664
"179",2021-05-13,35.95,14.798,126696,90213,21572,15355,37697772,103534.284562985,121064.794230404,23161.7154370151,-30851.7942304037
"180",2021-05-12,35.45,3.343,112305,121268,11283,28106,29802158,106337.968338262,122943.656461858,5967.03166173791,-1675.65646185765
"181",2021-05-18,35.53,9.286,109712,77141,33957,18030,21766471,87853.5929970254,110914.936958908,21858.4070029746,-33773.9369589077
"182",2021-05-17,34.13,4.522,32575,88614,9497,23036,17883422,91072.844944696,112982.685718918,-58497.844944696,-24368.6857189182
"183",2021-05-14,36.12,5.07,324203,465104,12494,17076,34292122,100730.600787708,119185.93199895,223472.399212292,345918.06800105
"184",2021-05-16,33.96,1.437,48434,129852,13333,19924,40843147,94292.0968923666,115050.434478929,-45858.0968923666,14801.5655210713
"185",2021-05-19,35.81,6.458,110162,151513,24625,13453,21149673,85498.1212652841,108979.456579639,24663.8787347159,42533.5434203614
"186",2021-05-20,35.98,14.337,224021,285371,26974,5869,49311472,83142.6495335428,107043.976200369,140878.350466457,178327.023799631
"187",2021-05-21,36.89,0.921,29085,68485,11603,16352,20880582,80787.1778018015,105108.4958211,-51702.1778018015,-36623.4958211004
"188",2021-05-23,35.23,5.213,37957,96759,4384,20042,26584703,84822.9927761205,107007.090310642,-46865.9927761205,-10248.0903106423
"189",2021-05-24,35.72,1.172,72954,96098,3782,32189,33044319,86840.90026328,107956.387555413,-13886.90026328,-11858.3875554132
"190",2021-05-25,36.93,2.255,29749,62269,4838,16584,40178755,88858.8077504395,108905.684800184,-59109.8077504395,-46636.6848001841
"191",2021-05-27,35.74,5.514,72656,118349,22335,8126,25314255,93327.7266866288,112981.913102671,-20671.7266866288,5367.08689732873
"192",2021-05-26,36.11,3.549,69321,108741,7269,6256,27752319,91093.2672185342,110943.798951428,-21772.2672185342,-2202.7989514277
"193",2021-05-28,36.05,0.939,227547,420535,29214,59510,57290932,95562.1861547235,115020.027253915,131984.813845276,305514.972746085
"194",2021-05-30,32.99,1.855,65951,76638,9066,13276,43056344,106113.006124254,124712.272279875,-40162.0061242536,-48074.2722798748
"195",2021-05-31,32.02,3.645,147362,171524,8567,31867,37833422,111388.416109019,129558.394792855,35973.5838909814,41965.6052071453
"196",2021-06-01,33.79,6.124,206761,235186,21414,23456,34953776,116663.826093784,134404.517305835,90097.1739062164,100781.482694165
"197",2021-06-02,35.54,1.221,75581,38796,29126,23053,47577524,117623.928211231,134698.195102409,-42042.9282112311,-95902.1951024088
"198",2021-06-03,34.84,2.15,90160,136876,12158,48205,64221388,118584.030328679,134991.872898983,-28424.0303286785,1884.12710101722
"199",2021-06-08,36.4,0.982,1459947,1464354,99522,107927,54673826,97441.5057416858,107156.719842381,1362505.49425831,1357197.28015762
"200",2021-06-07,34.51,1.919,146407,184426,10590,50158,43164477,102967.162417796,114188.927555675,43439.8375822042,70237.0724443252
"201",2021-06-06,34.39,9.57,658991,647639,11247,75795,32185831,108492.819093906,121221.135268969,550498.180906094,526417.864731031
"202",2021-06-04,35.38,3.052,117448,156669,16437,28382,45032488,119544.132446126,135285.550695557,-2096.13244612601,21383.4493044432
"203",2021-06-09,36.49,0.721,248692,370469,6961,1412,30137056,92370.4914808772,100761.769797927,156321.508519123,269707.230202073
"204",2021-06-10,36.74,2.476,102900,164867,8366,23369,36892514,87299.4772200686,94366.8197534733,15600.5227799314,70500.1802465267
"205",2021-06-11,36.68,0.108,9837,8307,4477,1795,44549143,82228.4629592601,87971.8697090196,-72391.4629592601,-79664.8697090196
"206",2021-06-13,34.48,0.375,27032,24717,6660,8569,63814477,70150.4759234488,71393.099081111,-43118.4759234488,-46676.099081111
"207",2021-06-14,33.82,2.446,74682,50687,2652,8279,36207661,64111.4824055432,63103.7137671566,10570.5175944568,-12416.7137671566
"208",2021-06-15,35.06,0.666,44362,47459,12414,7126,31997774,58072.4888876376,54814.3284532023,-13710.4888876376,-7355.32845320231
"209",2021-06-16,34.58,4.689,30724,46871,8408,1602,37904793,53895.398951802,50589.75910214,-23171.398951802,-3718.75910214002
"210",2021-06-17,34.16,0.156,17027,23879,4514,551,33118741,49718.3090159664,46365.1897510777,-32691.3090159664,-22486.1897510777
"211",2021-06-18,34.19,9.37,63850,72132,17192,1216,37439646,45541.2190801308,42140.6204000154,18308.7809198692,29991.3795999846
"212",2021-06-20,34.46,8.416,49443,27842,8812,4337,15095377,43851.1061054734,40235.7222834174,5591.89389452661,-12393.7222834174
"213",2021-06-21,33.94,4.729,90447,47296,20429,18074,39687278,43006.0496181447,39283.2732251184,47440.9503818553,8012.7267748816
"214",2021-06-22,35.6,0.482,44587,35302,12427,1791,39073793,42160.993130816,38330.8241668194,2426.00686918399,-3028.82416681939
"215",2021-06-23,34.5,4.054,14469,23587,9155,8297,20605863,43261.9492426534,38894.1915604993,-28792.9492426534,-15307.1915604993
"216",2021-06-24,34.67,3.543,28023,47014,7724,2130,18236208,44362.9053544908,39457.5589541792,-16339.9053544908,7556.44104582081
"217",2021-06-25,34.79,0.204,27787,28294,10063,1568,13725738,45463.8614663282,40020.9263478591,-17676.8614663282,-11726.9263478591
"218",2021-06-27,35.03,0.499,34889,25227,10581,2264,15674830,48630.530631936,43650.770837632,-13741.530631936,-18423.770837632
"219",2021-06-28,34.68,1.041,13829,13673,4887,1305,12834312,50213.8652147399,45465.6930825185,-36384.8652147399,-31792.6930825185
"220",2021-06-29,35.77,9.852,91919,81379,7135,7712,9314052,51797.1997975437,47280.615327405,40121.8002024563,34098.384672595
"221",2021-06-30,40.4,2.071,51425,39634,17341,7327,39972866,51697.0790595345,47178.8073672575,-272.079059534495,-7544.80736725751
"222",2021-07-01,39.83,0.669,9583,7173,3585,2109,23292457,51596.9583215253,47076.99940711,-42013.9583215253,-39903.99940711
"223",2021-07-02,37.99,26.984,158303,180505,7197,8214,37229122,51496.837583516,46975.1914469626,106806.162416484,133529.808553037
"224",2021-07-04,34.61,12.421,166468,160644,20856,43458,29262322,51090.0605234502,47821.5248845973,115377.93947655,112822.475115403
"225",2021-07-05,33.8,1.576,34667,26829,3733,11114,28308609,50886.6719934173,48244.6916034147,-16219.6719934173,-21415.6916034147
"226",2021-07-06,36.17,0.89,18649,20980,2763,7053,284252899,50683.2834633844,48667.8583222321,-32034.2834633844,-27687.8583222321
"227",2021-07-07,37.95,7.183,26017,17787,11454,7094,25600893,49810.5861805494,48116.4076884878,-23793.5861805494,-30329.4076884878
"228",2021-07-08,37.92,8.281,23118,28895,3546,7142,35818665,48937.8888977143,47564.9570547435,-25819.8888977143,-18669.9570547435
"229",2021-07-12,34.08,10.63,76702,107560,8721,11922,33080080,46075.0873128993,45359.7856828784,30626.9126871007,62200.2143171216
"230",2021-07-13,35.88,9.93,65693,57576,15808,8840,31395601,45411.7192122393,44808.5454368381,20281.2807877607,12767.4545631619
"231",2021-07-11,34.01,3.779,35326,31736,10930,6903,39864065,46738.4554135592,45911.0259289187,-11412.4554135592,-14175.0259289187
"232",2021-07-09,36.19,0.742,16863,24683,3615,6201,29895764,48065.1916148792,47013.5064209993,-31202.1916148792,-22330.5064209993
"233",2021-07-14,36.5,4.037,16843,18396,10328,998,35952035,46781.3364483818,45886.1056317489,-29938.3364483818,-27490.1056317489
"234",2021-07-15,38.19,1.01,NA,7757,-1,2821,30689817,NA,46963.6658266597,NA,-39206.6658266597
"235",2021-07-16,38.55,8.977,98314,209308,11044,7762,30429588,49520.5709206669,48041.2260215706,48793.4290793331,161266.773978429
"236",2021-07-18,34.95,4.043,77813,68439,9762,6461,25171645,56293.0571831074,52680.7692072466,21519.9428168926,15758.2307927534
"237",2021-07-19,35,0.312,10519,20992,4401,4742,28790675,59679.3003143276,55000.5408000845,-49160.3003143276,-34008.5408000845
"238",2021-07-20,37.09,0.456,11041,13706,2969,6307,46734206,63065.5434455479,57320.3123929225,-52024.5434455479,-43614.3123929225
"239",2021-07-21,36.89,2.783,37088,23926,14814,8838,16701205,66415.7274991317,62284.5006268585,-29327.7274991317,-38358.5006268585
"240",2021-07-22,36.02,3.897,77378,89831,24299,18883,22771650,69765.9115527156,67248.6888607944,7612.08844728442,22582.3111392056
"241",2021-07-26,34.93,3.589,186460,143034,34205,23658,30230924,86049.9131663679,89475.6291774565,100410.086833632,53558.3708225435
"242",2021-07-25,35.51,1.394,54682,40011,10746,5162,36754226,81738.6406463451,83721.3784832144,-27056.6406463451,-43710.3784832144
"243",2021-07-27,36.3,5.397,65218,76880,3422,7728,24087596,90361.1856863907,95229.8798716985,-25143.1856863907,-18349.8798716985
"244",2021-07-23,36.1,1.998,71896,53370,7503,16068,29694564,73116.0956062994,72212.8770947304,-1220.09560629944,-18842.8770947304
"245",2021-07-28,36.82,27.638,260334,207880,30110,38296,37320637,93555.8682227786,98069.2801745783,166778.131777221,109810.719825422
"246",2021-07-29,37.17,3.417,75901,81087,26492,13367,45906838,96750.5507591665,100908.680477458,-20849.5507591665,-19821.680477458
"247",2021-07-30,38.04,7.14,87029,160438,38808,39599,44049805,99945.2332955543,103748.080780338,-12916.2332955543,56689.9192196622
"248",2021-08-01,34.08,5.03,113258,138070,11855,9478,73511968,98614.1560167433,101639.383598426,14643.8439832567,36430.6164015742
"249",2021-08-02,33.9,6.39,99608,124936,16106,41806,42082560,97948.6173773378,100585.03500747,1659.38262266222,24350.9649925301
"250",2021-08-03,34.97,3.34,95907,65946,16537,4402,71038203,97283.0787379323,99530.6864165139,-1376.07873793226,-33584.6864165139
"251",2021-08-04,34.91,3.901,124358,90595,8376,17892,31734953,97265.9147070765,97915.1938476901,27092.0852929235,-7320.19384769007
"252",2021-08-05,35.61,2.179,62778,69814,13996,4716,40085062,97248.7506762208,96299.7012788662,-34470.7506762208,-26485.7012788662
"253",2021-08-06,34.82,2.94,89591,64760,14693,1885,29553750,97231.586645365,94684.2087100423,-7640.58664536504,-29924.2087100423
"254",2021-08-08,37.55,2.962,62114,56179,7125,3738,29442656,102325.18213793,96105.0932228343,-40211.1821379303,-39926.0932228343
"255",2021-08-09,37.41,6.948,87756,88610,8949,7135,25358500,104871.979884213,96815.5354792302,-17115.9798842129,-8205.53547923024
"256",2021-08-10,42.12,18.043,126164,96813,35254,26440,28611251,107418.777630496,97525.9777356262,18745.2223695045,-712.977735626206
"257",2021-08-11,40.25,3.039,62758,98228,18167,9933,20861808,112045.183906864,100317.90318906,-49287.1839068643,-2089.90318905996
"258",2021-08-12,40.01,2.586,119585,114892,3212,10030,25008493,116671.590183233,103109.828642494,2913.40981676697,11782.1713575063
"259",2021-08-16,34.93,4.63393,171419,132785,43297,4835,22937201,146235.458616216,121850.697844344,25183.5413837837,10934.3021556559
"260",2021-08-17,36.6,1.077101,86378,82705,16422,11814,35162373,154547.946001754,127167.01242715,-68169.9460017544,-44462.0124271496
"261",2021-08-13,38.41,8.50271,173273,140513,37741,7965,31961035,121297.996459602,105901.754095927,51975.0035403982,34611.2459040726
"262",2021-08-15,34.47,5.008304,136877,139923,23378,2886,30614295,137922.971230678,116534.383261539,-1045.97123067809,23388.6167384615
"263",2021-08-18,36.31,2.22,61019,59580,11030,14147,19483306,160898.212376773,130660.009183038,-99879.2123767731,-71080.0091830382
"264",2021-08-19,36.79,2.48,218636,149437,29666,7987,23637452,167248.478751792,134153.005938927,51387.5212482082,15283.9940610732
"265",2021-08-24,36.96,4.66,256526,186296,48455,12908,26961185,187858.865690954,147455.749492815,68667.1343090461,38840.2505071846
"266",2021-08-20,36.9,3.01,217331,127490,47236,15602,23577135,173598.745126811,137646.002694815,43732.2548731894,-10156.0026948153
"267",2021-08-22,35.55,2.83,149752,169188,34893,27983,20864654,180728.805408882,142550.876093815,-30976.8054088823,26637.1239061846
"268",2021-08-23,34.74,3.64,324506,226037,37640,17695,23103183,184293.835549918,145003.312793315,140212.164450082,81033.6872066846
"269",2021-08-25,37.45,3.632,126779,84409,33160,7522,19136494,187830.544777768,149907.989954326,-61051.5447777681,-65498.9899543263
"270",2021-08-26,37.26,1.76,249618,159975,45617,14381,32343098,187802.223864582,152360.230415837,61815.7761354178,7614.7695841628
"271",2021-08-27,37.28,6,141847,153084,44267,32695,37690725,187773.902951396,154812.470877348,-45926.9029513963,-1728.47087734807
"272",2021-08-29,36.22,13.87,183341,146659,10608,14415,18326532,182723.124795633,155475.392131776,617.875204366894,-8816.39213177611
"273",2021-08-31,36.75,5.453,147790,132999,7066,30700,30611589,177672.34663987,156138.313386204,-29882.3466398699,-23139.3133862042
"274",2021-08-30,36.13,14.234,262127,170315,7580,15354,30002311,180197.735717752,155806.85275899,81929.2642822485,14508.1472410099
"275",2021-09-01,36.52,2.097,102833,129546,4291,3181,23276443,175575.596266878,157299.888221199,-72742.5962668784,-27753.8882211993
"276",2021-09-02,35.91,1.276,106933,163480,5517,17835,22923547,173478.845893887,158461.463056194,-66545.8458938869,5018.53694380552
"277",2021-09-06,33.51,3.286,196050,150908,21922,28664,74588098,178376.164643513,173716.94087824,17673.8353564866,-22808.9408782405
"278",2021-09-07,34.56,4.512,105584,87184,20373,16711,11133044,180707.521017719,178414.908540591,-75123.5210177194,-91230.9085405907
"279",2021-09-03,35.35,2.781,408655,377699,61470,22420,26216711,171382.095520895,159623.03789119,237272.904479105,218075.96210881
"280",2021-09-05,33.48,3.867,232159,214087,57135,15335,23855972,176044.808269307,169018.97321589,56114.1917306926,45068.0267841098
"281",2021-09-08,36.85,3.111,432922,482857,55332,37132,30943532,187338.69686073,185172.641340292,245583.30313927,297684.358659708
"282",2021-09-09,34.87,1.176,139546,205087,7109,7088,26800214,193969.872703741,191930.374139994,-54423.872703741,13156.6258600058
"283",2021-09-10,35.71,0.359,170266,157461,20223,14671,42668823,200601.048546752,198688.106939696,-30335.0485467518,-41227.1069396959
"284",2021-09-12,34.92,1.948,219112,232591,29109,38526,14230596,219887.013347396,218528.654159839,-775.013347395783,14062.3458401613
"285",2021-09-13,35.15,1.008,205525,197121,63043,32930,29637174,229529.995747718,228448.92776991,-24004.9957477178,-31327.9277699102
"286",2021-09-14,41.12,1.787,385539,335932,67683,17372,37490733,239172.97814804,238369.201379982,146366.02185196,97562.7986200184
"287",2021-09-15,37.76,4.29,193513,143663,11179,8084,15383530,248666.926147996,248480.40408091,-55153.9261479959,-104817.40408091
"288",2021-09-16,36.85,3.346,201776,252879,20004,33366,16454614,258160.874147952,258591.606781837,-56384.8741479521,-5712.60678183747
"289",2021-09-20,35.71,9.949,483836,489482,37683,63305,17065390,286958.43263434,294661.114604079,196877.56736566,194820.885395921
"290",2021-09-21,37.07,8.368,329224,272992,28812,61902,21780651,293392.96946315,303313.88297785,35831.03053685,-30321.8829778504
"291",2021-09-19,34.38,9.419,304222,301442,16479,32594,27759615,280523.895805529,286008.346230308,23698.1041944709,15433.6537696921
"292",2021-09-17,36.42,7.763,352019,337251,74837,59595,27030207,267654.822147908,268702.809482765,84364.1778520918,68548.1905172346
"293",2021-09-22,38.12,2.446,130846,125902,14888,15596,15555160,294780.3857957,308868.36307716,-163934.3857957,-182966.36307716
"294",2021-09-23,35.69,2.29,309996,320590,66218,12905,460036907,296167.80212825,314422.843176469,13828.1978717495,6167.15682353056
"295",2021-09-24,35.98,3.773,296724,358991,9140,44686,21436464,297555.218460801,319977.323275779,-831.218460800766,39013.676724221
"296",2021-09-26,33.9,3.831,292246,325319,57143,53611,22281449,281036.420621293,309946.86494399,11209.5793787065,15372.1350560095
"297",2021-09-27,34.81,2.71,300832,307635,26250,57336,22853406,272777.02170154,304931.635778096,28054.9782984601,2703.36422190379
"298",2021-09-28,37.06,3.045,490641,410717,57275,21307,27437984,264517.622781786,299916.406612202,226123.377218214,110800.593387798
"299",2021-09-29,35.6,2.506,562628,464055,37412,48981,13433763,259004.941476713,291284.070021109,303623.058523287,172770.929978891
"300",2021-09-30,36.51,2.93,441660,396799,21837,39392,15705380,253492.26017164,282651.733430016,188167.73982836,114147.266569984
"301",2021-10-05,36.36,4.05,120399,116269,15567,8530,18602040,227314.328810184,243870.840906221,-106915.328810184,-127601.840906221
"302",2021-10-04,35.91,2.35,244225,283059,13901,28671,12107928,232480.64132428,251407.979889397,11744.3586757204,31651.0201106033
"303",2021-10-03,35.22,1.6,136761,138361,7794,33695,31626904,237646.953838375,258945.118872572,-100885.953838375,-120584.118872572
"304",2021-10-01,35.81,1.96,152657,165087,14154,28337,37696101,247979.578866567,274019.396838922,-95322.5788665666,-108932.396838922
"305",2021-10-06,35.21,3.567,221534,194097,26241,5962,21106043,226535.541543734,240081.382194124,-5001.54154373426,-45984.3821941238
"306",2021-10-07,35.56,2.841,257118,161917,6229,44139,23910544,225756.754277285,236291.923482026,31361.2457227155,-74374.9234820261
"307",2021-10-08,38.69,1.3,258994,252959,33106,27444,22233819,224977.967010835,232502.464769928,34016.0329891652,20456.5352300715
"308",2021-10-10,35.71,7.466,213920,255326,26147,23731,19523954,229763.441440457,235816.97914242,-15843.441440457,19509.0208575798
"309",2021-10-11,35.51,5.233,414400,396371,105324,75352,27790995,232156.178655268,237474.236328666,182243.821344732,158896.763671334
"310",2021-10-12,37.31,3.531,259958,276495,9115,15515,28246372,234548.915870079,239131.493514912,25409.0841299208,37363.5064850881
"311",2021-10-13,37.06,1.952,172041,202446,29578,18186,23788751,231182.269736805,233704.525785875,-59141.2697368048,-31258.5257858753
"312",2021-10-14,37.19,2.343,161258,245623,25460,28234,25087391,227815.623603531,228277.558056839,-66557.6236035305,17345.4419431614
"313",2021-10-17,35.38,1.686,823463,693348,10580,32303,29427968,214682.483302416,205811.691230479,608780.516697583,487536.308769521
"314",2021-10-19,36.75,3.903,363524,381297,35671,37098,20787160,204915.989134577,188772.792133157,158608.010865423,192524.207866843
"315",2021-10-15,36.85,4.852,388836,323885,103194,35282,27066822,224448.977470256,222850.590327802,164387.022529744,101034.409672198
"316",2021-10-18,36.18,0.829,223389,166843,53327,11064,25822285,209799.236218497,197292.241681818,13589.7637815034,-30449.2416818179
"317",2021-10-20,36.26,1.839,117195,122934,9958,19479,26468711,200528.730687886,180523.908443379,-83333.7306878864,-57589.9084433787
"318",2021-10-21,35.99,1.338,138760,121578,29910,12071,34739514,196141.472241196,172275.024753601,-57381.472241196,-50697.0247536007
"319",2021-10-22,35.95,2.934,172996,118102,23966,16769,12269379,191754.213794506,164026.141063823,-18758.2137945055,-45924.1410638228
"320",2021-10-24,34.33,2.022,244421,162890,25917,2206,12677483,190348.343699537,167032.209694108,54072.6563004625,-4142.20969410765
"321",2021-10-25,35.67,1.349,178713,188459,25118,16520,14014297,189645.408652053,168535.24400925,-10932.4086520534,19923.75599075
"322",2021-10-26,36.73,4.992,136002,93775,4181,7127,13558886,188942.473604569,170038.278324392,-52940.4736045693,-76263.2783243925
"323",2021-10-27,36.43,0.673,145505,138344,63208,44797,13490187,192857.280151392,178896.854269819,-47352.2801513923,-40552.854269819
"324",2021-10-28,35.85,1.299,205447,159343,36562,39151,6114494,196772.086698215,187755.430215245,8674.91330178481,-28412.4302152454
"325",2021-10-29,36.21,0.597,147490,174697,18890,43490,24007585,200686.893245038,196614.006160672,-53196.8932450381,-21917.0061606719
"326",2021-10-31,36.03,0.482,223370,302876,46589,26096,17220855,217207.748197946,221929.825839819,6162.25180205409,80946.1741601813
"327",2021-11-01,35.63,1.037,306400,227157,64461,24961,18245508,225468.1756744,234587.735679392,80931.8243256002,-7430.73567939209
"328",2021-11-02,36.48,1.07,269511,321089,20333,26022,12601023,233728.603150854,247245.645518965,35782.3968491463,73843.3544810345
"329",2021-11-03,35.81,1.389,184266,249889,18642,59923,14113331,246357.89140098,261170.884002473,-62091.8914009803,-11281.8840024727
"330",2021-11-04,36.03,7.281,188360,192444,44926,25930,17406593,258987.179651107,275096.12248598,-70627.1796511069,-82652.1224859798
"331",2021-11-05,35.72,8.008,220997,241992,15645,2935,16698248,271616.467901233,289021.360969487,-50619.4679012335,-47029.360969487
"332",2021-11-07,34.72,5.635,390103,348750,54043,66331,32806249,305828.287008851,319701.453520483,84274.7129911493,29048.5464795167
"333",2021-11-08,35.21,3.263,334930,405510,46793,47912,22562037,322934.196562659,335041.499795981,11995.8034373407,70468.5002040185
"334",2021-11-09,35.52,3.634,181204,254037,5862,30514,17283989,340040.106116468,350381.54607148,-158836.106116468,-96344.5460714796
"335",2021-11-10,35.59,2.892,305568,403976,17594,29361,17095160,361241.495066505,368178.181742159,-55673.4950665049,35797.8182578408
"336",2021-11-11,36.4,5.254,313620,258608,16156,9481,13772556,382442.884016542,385974.817412839,-68822.8840165419,-127366.817412839
"337",2021-11-12,36.15,2.623,514912,661840,47294,19961,26856591,403644.272966579,403771.453083518,111267.727033421,258068.546916482
"338",2021-11-14,35.01,1.28,517542,468988,51292,23173,25129582,460878.88877775,448681.133589841,56663.1112222495,20306.8664101591
"339",2021-11-16,36.04,4.069,418845,495671,26837,8619,19878583,518113.504588922,493590.814096163,-99268.5045889221,2080.18590383662
"340",2021-11-17,35.74,2.262,411269,465852,71116,20510,21766447,544030.669908228,515137.352500469,-132761.669908228,-49285.3525004686
"341",2021-11-18,36.3,3.78,1102142,1093076,28028,52901,20038076,569947.835227534,536683.890904774,532194.164772466,556392.109095226
"342",2021-11-19,35.71,10.47,834031,840651,33518,35364,26203622,595865.00054684,558230.429309079,238165.99945316,282420.570690921
"343",2021-11-21,34.5,7.002,770836,663997,65018,25038,15931012,638114.520862567,593600.45536606,132721.479137433,70396.5446339396
"344",2021-11-22,35.92,4.281,625996,632868,38328,88199,16377987,659239.281020431,611285.468394551,-33243.2810204311,21582.531605449
"345",2021-11-23,35.97,9.744,954310,949813,83652,62638,27772225,680364.041178295,628970.481423042,273945.958821705,320842.518576958
"346",2021-11-24,35.35,5.522,514645,653290,62109,94755,18420734,698048.82169105,642921.124605783,-183403.82169105,10368.8753942169
"347",2021-11-25,35.11,5.448,1021499,1081761,40982,81655,6568147,715733.602203806,656871.767788525,305765.397796194,424889.232211475
"348",2021-11-26,32.48,6.299,1705574,1758779,129144,37550,26466528,733418.382716562,670822.410971266,972155.617283438,1087956.58902873
"349",2021-11-28,32.28,0.795,799162,703715,58346,80787,14282953,740457.495570084,687415.04566566,58704.5044299159,16299.9543343401
"350",2021-11-30,35.81,1.843,544670,526190,11667,37336,34848623,747496.608423606,704007.680360054,-202826.608423606,-177817.680360054
"351",2021-12-01,35.78,4.478,895287,1022638,17619,36905,20095251,748921.827290616,713136.393658688,146365.172709384,309501.606341312
"352",2021-12-02,35.18,2.755,515703,801603,33712,80909,54667527,750347.046157626,722265.106957322,-234644.046157626,79337.8930426785
"353",2021-12-05,34.16,3.188,892689,1043761,47506,68607,18645857,735698.750230976,760971.476605616,156990.249769024,282789.523394384
"354",2021-12-06,34.59,3.765,559639,677880,69280,98749,14265318,727661.992834146,775760.304780446,-168022.992834146,-97880.3047804463
"355",2021-12-07,35.66,4.08,546354,681188,67796,28570,17736992,719625.235437316,790549.132955277,-173271.235437316,-109361.132955277
"356",2021-12-03,34.96,1.63,797079,705407,50390,38370,21139404,751772.265024636,731393.820255955,45306.7349753639,-25986.8202559553
"357",2021-12-08,35.47,3.979,656925,866256,48204,104945,27363557,714429.738844138,810144.273017126,-57504.7388441381,56111.7269828739
"358",2021-12-09,35.51,1.536,413063,428150,49357,31926,21117082,709234.24225096,829739.413078975,-296171.24225096,-401589.413078975
"359",2021-12-10,34.71,5.069,768689,901463,32995,68978,15779283,704038.745657781,849334.553140825,64650.2543422185,52128.4468591752
"360",2021-12-12,36.73,3.051,584068,709715,17437,23725,17438864,721394.706432094,907298.193663936,-137326.706432094,-197583.193663936
"361",2021-12-13,35.78,13.886,1498471,1515771,143698,157977,24525524,730072.686819251,936280.013925492,768398.313180749,579490.986074508
"362",2021-12-14,36.27,12.674,685881,857605,28696,151744,20692494,738750.667206407,965261.834187048,-52869.6672064074,-107656.834187048
"363",2021-12-15,35.79,9.583,863144,1094683,95153,120256,23490951,786718.00661693,1018390.19182278,76425.9933830705,76292.8081772232
"364",2021-12-16,34.8,14.52,1244435,1647252,19963,106299,23324144,834685.346027451,1071518.54945851,409749.653972549,575733.450541494
"365",2021-12-20,34.37,10.546,603871,449140,56283,50562,11504073,1016688.70304003,1288596.48784506,-412817.703040033,-839456.487845061
"366",2021-12-19,34.76,16.877,555241,516613,99404,38091,14011086,972010.030506013,1233946.62759479,-416769.030506013,-717333.627594786
"367",2021-12-17,35.71,13.031,583513,374455,106598,54085,14128338,882652.685437973,1124646.90709423,-299139.685437973,-750191.907094234
"368",2021-12-21,35.58,0.8423,233888,250085,38637,79888,19426134,1061367.37557405,1343246.34809534,-827479.375574053,-1093161.34809534
"369",2021-12-26,28.84,7.362,1329411,1583364,312295,386498,21065890,1285454.89855594,1615678.2829448,43956.1014440588,-32314.2829447996
"370",2021-12-27,30.71,13.7,1036640,1683829,60984,65654,12981891,1307824.39277369,1635504.38985208,-271184.392773686,48324.6101479214
"371",2021-12-28,33.13,14.97,1309691,1765102,122666,230369,13404691,1330193.88699143,1655330.49675936,-20502.8869914319,109771.503240643
"372",2021-12-29,32.92,11.817,1452283,2209577,129538,119534,15555566,1352563.38120918,1675156.60366664,99719.6187908228,534420.396333364
"373",2022-01-02,31.45,7.732,2172579,3316324,328094,251561,21151284,1324947.43660016,1677319.8628778,847631.563399837,1639004.1371222
"374",2022-01-03,32.88,6.321,2098289,2977367,245561,360437,27321489,1320373.18930435,1681081.14162697,777915.810695648,1296285.85837303
"375",2022-01-04,33.93,11.27,1848393,2394549,133198,120426,25728002,1315798.94200854,1684842.42037613,532594.057991459,709706.579623869
"376",2022-01-06,33.81,43.281,2554190,2832075,162048,179126,16180747,1306650.44741692,1692364.97787446,1247539.55258308,1139710.02212554
"377",2022-01-05,34.46,32.666,4630522,5712808,492336,270454,15863845,1311224.69471273,1688603.69912529,3319297.30528727,4024204.30087471
"378",2022-01-07,33.65,5.834,1423754,1721187,173982,181220,26207708,1291785.38356491,1684817.44594187,131968.616435091,36369.5540581301
"379",2022-01-09,33.33,15.532,1206293,1532600,91994,47038,18825262,1262055.25586089,1669722.38207669,-55762.2558608893,-137122.382076693
"380",2022-01-10,33.82,18.879,1298075,1744099,66487,102949,14795319,1247190.19200888,1662174.8501441,50884.8079911207,81924.1498558952
"381",2022-01-11,34.15,23.597,852501,1060550,95766,61463,12322417,1200345.38738595,1679568.60427883,-347844.387385947,-619018.604278828
"382",2022-01-12,34.56,9.388,1125456,1600290,179726,104145,33101623,1153500.58276301,1696962.35841355,-28044.5827630141,-96672.3584135519
"383",2022-01-13,34.4,11.877,1177120,1628453,63780,178164,124652553,1106655.77814008,1714356.11254828,70464.2218599184,-85903.1125482754
"384",2022-01-17,33.42,12.413,922314,1275541,42784,65346,22027706,919184.320599562,2670150.42810894,3129.67940043821,-1394609.42810894
"385",2022-01-16,32.83,22.607,928607,1376401,15597,25914,17276534,966059.871572091,2357350.24096696,-37452.8715720909,-980949.240966958
"386",2022-01-14,35.31,7.202,778471,1290616,30707,59981,14534517,1059810.97351715,1731749.866683,-281339.973517149,-441133.866682999
"387",2022-01-18,34.69,2.101,596777,742411,67623,54801,20591930,872308.769627033,2982950.61525092,-275531.769627033,-2240539.61525092
"388",2022-01-19,34.36,20.172,510751,930174,15758,35545,21201698,824959.437726258,3187157.83052364,-314208.437726258,-2256983.83052364
"389",2022-01-20,33.84,9.868,798110,1295222,178355,185047,20635551,777610.105825483,3391365.04579637,20499.8941745169,-2096143.04579637
"390",2022-01-24,33.83,2.378,4616823,4279606,455779,111826,18652928,588124.399034996,4216402.27829732,4028698.600965,63203.7217026828
"391",2022-01-25,35.07,4.3,1311229,1113769,72058,80681,24639531,540745.607405092,4423345.61737339,770483.392594908,-3309576.61737339
"392",2022-01-23,34.13,1.945,17355259,13331342,2739423,1741728,25317297,635503.1906649,4009458.93922124,16719755.8093351,9321883.06077876
"393",2022-01-21,34.04,3.43,718606,857410,18993,40267,16055849,730260.773924708,3595572.26106909,-11654.7739247081,-2738162.26106909
